Model,Validation MSE,Test MSE,Validation R^2,Test R^2
Linear Regression,178842702216.47656,978836000265.0082,-688948050950.826,-3766974617741.101
Lasso Regression,1285.8442254872189,0.1342649795505132,-4952.40241451275,0.48329161383366215
Ridge Regression,11263002362089.084,61644294698663.445,-43387979655073.81,-237233298934253.94
Random Forest Regression,0.06758875988008897,0.06767186351624027,0.7396307268424382,0.7395700688042035
